<?xml version="1.0" encoding="UTF-8"?>
<databaseChangeLog
  xmlns="http://www.liquibase.org/xml/ns/dbchangelog"
  xmlns:xsi="http://www.w3.org/2001/XMLSchema-instance"
  xsi:schemaLocation="http://www.liquibase.org/xml/ns/dbchangelog
                      http://www.liquibase.org/xml/ns/dbchangelog/dbchangelog-3.4.xsd"
  logicalFilePath="changelog-4.13-mod">

    <!-- VEICULO -->
  <changeSet author="author" id="changelog-4.13-mod-devices">   
	<preConditions onFail="MARK_RAN">
            <not><columnExists tableName="tc_devices" columnName="photo"/></not>
        </preConditions>      
    <addColumn tableName="tc_devices">
      <column name="photo" type="TEXT" />
    </addColumn>
    
    <addColumn tableName="tc_devices">
      <column name="placa" type="VARCHAR(128)" />
    </addColumn>   
    
 </changeSet>
 
    
<changeSet author="author" id="changelog-4.13-mod-devices-info">   
	<preConditions onFail="MARK_RAN">
            <not><columnExists tableName="tc_devices" columnName="icc"/></not>
        </preConditions>          
<addColumn tableName="tc_devices">
      <column name="icc" type="VARCHAR(80)" />
    </addColumn>

<addColumn tableName="tc_devices">
      <column name="vendor" type="VARCHAR(80)" />
    </addColumn>

<addColumn tableName="tc_devices">
      <column name="operator" type="VARCHAR(80)" />
    </addColumn>
    
 </changeSet>

 <changeSet author="author" id="changelog-4.13-mod-devices-tech">   
	<preConditions onFail="MARK_RAN">
            <not><columnExists tableName="tc_devices" columnName="tech"/></not>
        </preConditions>      
    <addColumn tableName="tc_devices">
      <column name="tech" type="VARCHAR(80)" />
    </addColumn>

    <addColumn tableName="tc_devices">
      <column name="localInstall" type="LONGTEXT" />
    </addColumn>

    <addColumn tableName="tc_devices">
      <column name="dateInstall" type="VARCHAR(20)" />
    </addColumn>

 </changeSet>
 
    <!-- USUÁRIO --> 
 <changeSet author="author" id="changelog-4.13-mod-users">   
	<preConditions onFail="MARK_RAN">
            <not><columnExists tableName="tc_users" columnName="telegram"/></not>
        </preConditions>      
        
    <addColumn tableName="tc_users">
      <column name="telegram" type="VARCHAR(30)" />
    </addColumn>
    
    <addColumn tableName="tc_users">
      <column name="whatsapp" type="VARCHAR(30)" />
    </addColumn>  
    
     <addColumn tableName="tc_users">
      <column name="cpf" type="VARCHAR(30)" />
    </addColumn>       

 </changeSet>
 
    <!-- SERVIDOR -->
<changeSet author="author" id="changelog-4.13-mod-servers">
        <preConditions onFail="MARK_RAN">
            <not><columnExists tableName="tc_servers" columnName="serial"/></not>
        </preConditions>
    <addColumn tableName="tc_servers">
      <column name="serial" type="TEXT" />
    </addColumn>
    
    <addColumn tableName="tc_servers">
      <column name="iconsType" type="VARCHAR(128)" />
    </addColumn>    
    
     <addColumn tableName="tc_servers">
      <column name="whatsappSuport" type="VARCHAR(4000)" />
    </addColumn>  
     
  </changeSet>

</databaseChangeLog>
