<?xml version="1.0" encoding="UTF-8"?>
<databaseChangeLog
  xmlns="http://www.liquibase.org/xml/ns/dbchangelog"
  xmlns:xsi="http://www.w3.org/2001/XMLSchema-instance"
  xsi:schemaLocation="http://www.liquibase.org/xml/ns/dbchangelog
                      http://www.liquibase.org/xml/ns/dbchangelog/dbchangelog-3.4.xsd"
  logicalFilePath="changelog-4.13">

  <changeSet author="author" id="changelog-4.13">
	<preConditions onFail="MARK_RAN">
            <not><columnExists tableName="tc_events" columnName="eventtime"/></not>
        </preConditions>    

    <renameColumn tableName="tc_events" columnDataType="TIMESTAMP" oldColumnName="servertime" newColumnName="eventtime" />

<!--     SERVIDOR 
    <addColumn tableName="tc_servers">
      <column name="iconsType" type="VARCHAR(128)" />
      <column name="whatsappSuport" type="VARCHAR(4000)" />
    </addColumn>

     USUÁRIO 
    <addColumn tableName="tc_users">
      <column name="cpf" type="VARCHAR(128)" />
      <column name="whatsapp" type="VARCHAR(128)" />
      <column name="telegram" type="VARCHAR(128)" />
    </addColumn>

     VEICULO 
    <addColumn tableName="tc_devices">
      <column name="photo" type="VARCHAR(128)" />
      <column name="placa" type="VARCHAR(128)" />
    </addColumn>-->

  </changeSet>

</databaseChangeLog>
