<?xml version='1.0' encoding='UTF-8'?>

<!DOCTYPE properties SYSTEM 'http://java.sun.com/dtd/properties.dtd'>

<properties>

    <entry key='config.default'>./conf/default.xml</entry>

    <entry key='web.healthCheck'>false</entry>

    <entry key='geocoder.enable'>true</entry>
    <entry key='geocoder.type'>nominatim</entry>
    <entry key='geocoder.url'>http://dnominatim.jcvn.com.br/reverse.php</entry>
    <entry key='geocoder.format'>%r, %h, %u, %t, %p, %s, %c</entry> 
    <entry key='geocoder.reuseDistance'>20</entry>
    <!-- <entry key='geocoder.cacheSize'>50000</entry> -->
    <entry key='geocoder.processInvalidPositions'>false</entry>


    <entry key='asaas.api.url'>https://www.asaas.com/api/v3</entry>
    <entry key='asaas.api.key'></entry>


    <entry key='database.driver'>com.mysql.cj.jdbc.Driver</entry> 
    <entry key='database.url'>jdbc:mysql://db-traccar.subnet01161208.vcn01161208.oraclevcn.com/traccar?serverTimezone=UTC&amp;useSSL=false&amp;ue&amp;useUnicode=yes&amp;characterEncoding=UTF-8&amp;sessionVariables=sql_mode=''</entry>
    <entry key='database.user'>traccar</entry> 
    <entry key='database.password'>Gi0vanna@10</entry>
    <entry key='database.historyDays'>90</entry>
    <entry key='database.ignoreUnknown'>false</entry>
    <entry key='database.registerUnknown'>true</entry>

    <!--
    <entry key='database.driver'>org.h2.Driver</entry>
    <entry key='database.url'>jdbc:h2:./data/database</entry>
    <entry key='database.user'>sa</entry>
    <entry key='database.password'></entry>
    -->

    <!-- NOTIFICAÇÃO WEB/WHATSAPP-->
    <entry key='notificator.types'>web,sms,firebase</entry>
    <entry key='notificator.sms.manager.class'>org.traccar.sms.HttpSmsClient</entry>
    <entry key='sms.http.url'>http://129.146.254.126:5000/enviar?</entry>
    <entry key='sms.http.template'>
    {"destino": "{phone}","mensagem": "{message}", "token": "ab12cd34ef56"}
    </entry>
    <entry key='status.timeout'>60</entry>


    <entry key='notificator.firebase.key'></entry>

    <entry key='event.motionHandler'>true</entry>
    <entry key='event.geofenceHandler'>true</entry>
    <entry key='event.alertHandler'>true</entry>
    <entry key='event.ignitionHandler'>true</entry>
    <entry key='event.statusHandler'>true</entry>
    <entry key='event.maintenanceHandler'>false</entry>

    <entry key='processing.remoteAddress.enable'>true</entry>
    <entry key='processing.copyAttributes.enable'>true</entry>
    <entry key='processing.copyAttributes'>power, ignition, battery</entry>

    <entry key='filter.enable'>true</entry>
    <entry key='filter.future'>86400</entry>
    <entry key='filter.invalid'>true</entry>
    <entry key='filter.zero'>true</entry>
    <entry key='filter.duplicate'>true</entry> -->

    <!-- <entry key='filter.maxSpeed'>108</entry> 
    -->
	
    <!-- <entry key='filter.skipLimit'>9</entry>
    <entry key='filter.skipAttributes.enable'>true</entry>
    <entry key='filter.skipAttributes'>alarm,armed,battery,charge,result</entry>
    <entry key='coordinates.maxError'>3000</entry>
    <entry key='geofence.polylineDistance'>70</entry> 
    -->

    <entry key="event.overspeed.notRepeat">true</entry>
    <entry key='event.motionHandler'>true</entry>
    <entry key='event.geofenceHandler'>true</entry>
    <entry key='event.alertHandler'>true</entry>
    <entry key='event.ignitionHandler'>true</entry>
    <entry key='event.statusHandler'>true</entry>
    <entry key='event.maintenanceHandler'>false</entry>
    <entry key='processing.remoteAddress.enable'>true</entry>
    <entry key='processing.copyAttributes.enable'>true</entry>
    <entry key='processing.copyAttributes'>operator,power,ignition,battery,batteryLevel,charge,rssi,blocked,status,sat,iccid,driverUniqueId</entry>

    <entry key='filter.enable'>true</entry>
    <entry key='filter.future'>86400</entry>
    <entry key='filter.invalid'>true</entry>
    <entry key='filter.zero'>true</entry>
    <entry key='filter.duplicate'>true</entry>
    
    <!-- <entry key='filter.maxSpeed'>108</entry> -->

    <entry key='filter.skipLimit'>9</entry>
    <entry key='filter.skipAttributes.enable'>true</entry>
    <entry key='filter.skipAttributes'>alarm,armed,battery,charge,result</entry>
    <entry key='coordinates.maxError'>3000</entry>
    <entry key='geofence.polylineDistance'>70</entry>

    <entry key='processing.engineHours.enable'>true</entry>
    <entry key='report.trip.minimalTripDuration'>30</entry>
    <entry key='report.trip.minimalTripDistance'>1</entry>
    <entry key='report.trip.useIgnition'>true</entry>
    <entry key='report.trip.minimalParkingDuration'>60</entry>
    <entry key='report.trip.minimalNoDataDuration'>600</entry>

    <entry key='web.url'>https://acesso.jcvn.com.br</entry>

</properties>
